{
  "plans": [
    {
      "id": "1",
      "category": "Popular Plans",
      "price": 579,
      "validity": "56 Days",
      "benefits": "Unlimited calls, 1.5GB Data/Day, 100 SMS/Day",
      "additionalBenefits": "Free JioHotstar OTT subscription for 1 Month",
      "batch": "Recommended"
    },
    {
      "id": "2",
      "category": "Popular Plans",
      "price": 619,
      "validity": "60 Days",
      "benefits": "Unlimited calls, 1.5GB Data/Day, 100 SMS/Day",
      "additionalBenefits": "Free Zee5 OTT subscription for 1 Month",
      "batch": "Most popular"
    },
    {
      "id": "3",
      "category": "Popular Plans",
      "price": "649",
      "validity": "56 Days",
      "benefits": "Unlimited calls, 2GB Data/Day, 100 SMS/Day",
      "additionalBenefits": "Free Amazon Prime OTT subscription for 1 Month",
      "batch": "Top Rated"
    },
    {
      "id": "4",
      "category": "Popular Plans",
      "price": 689,
      "validity": "60 Days",
      "benefits": "Unlimited calls, 2GB Data/Day, 100 SMS/Day",
      "additionalBenefits": "Free Netflix OTT subscription for 1 Month",
      "batch": "Value for money"
    },
    {
      "id": "5",
      "category": "Popular Plans",
      "price": 749,
      "validity": "56 Days",
      "benefits": "Unlimited calls, 2.5GB Data/Day, 100 SMS/Day",
      "additionalBenefits": "Free JioHotstar OTT subscription for 1 Month"
    },
    {
      "id": "6",
      "category": "Popular Plans",
      "price": 799,
      "validity": "60 Days",
      "benefits": "Unlimited calls, 2.5GB Data/Day, 100 SMS/Day",
      "additionalBenefits": "Free Netflix OTT subscription for 1 Month"
    },
    {
      "id": "7",
      "category": "Popular Plans",
      "price": 838,
      "validity": "56 Days",
      "benefits": "Unlimited calls, 3GB Data/Day, 100 SMS/Day",
      "additionalBenefits": "Free Amazon Prime OTT subscription for 2 Months",
      "batch": "Limitless"
    },
    {
      "id": "8",
      "category": "Popular Plans",
      "price": 889,
      "validity": "60 Days",
      "benefits": "Unlimited calls, 3GB Data/Day, 100 SMS/Day",
      "additionalBenefits": "Free Amazon Prime OTT subscription for 2 Months",
      "batch": "best buy"
    },
    {
      "id": "9",
      "category": "Validity Plans",
      "price": 249,
      "validity": "28 Days",
      "benefits": "Unlimited calls, 1.5GB Data/Day, 100 SMS/Day",
      "additionalBenefits": "2GB Additional data excluding plans data"
    },
    {
      "id": "10",
      "category": "Validity Plans",
      "price": 299,
      "validity": "28 Days",
      "benefits": "Unlimited calls, 2GB Data/Day, 100 SMS/Day",
      "additionalBenefits": "3GB Additional data excluding plans data",
      "batch": "Stay Connected"
    },
    {
      "id": "11",
      "category": "Validity Plans",
      "price": 349,
      "validity": "28 Days",
      "benefits": "Unlimited calls, 2.5GB Data/Day, 100 SMS/Day",
      "additionalBenefits": "4GB Additional data excluding plans data",
      "batch": "On-the-go"
    },
    {
      "id": "12",
      "category": "Validity Plans",
      "price": 399,
      "validity": "28 Days",
      "benefits": "Unlimited calls, 3GB Data/Day, 100 SMS/Day",
      "additionalBenefits": "5GB Additional data excluding plans data"
    },
    {
      "id": "13",
      "category": "Data Plans",
      "price": "26",
      "validity": "1 Day",
      "benefits": "1.5GB Data for 1 Day",
      "additionalBenefits": "500 MB free data",
      "batch": "One Day Hero"
    },
    {
      "id": "14",
      "category": "Data Plans",
      "price": "50",
      "validity": "2 Days",
      "benefits": "1.5GB/day Data for 2 Days",
      "additionalBenefits": "500 MB free data",
      "batch": "Money Saver"
    },
    {
      "id": "15",
      "category": "Data Plans",
      "price": "33",
      "validity": "1 Day",
      "benefits": "2GB Data for 1 Day",
      "additionalBenefits": "1GB free data",
      "batch": "Extra Enjoy"
    },
    {
      "id": "16",
      "category": "Data Plans",
      "price": "65",
      "validity": "2 Days",
      "benefits": "2GB Data/day for 2 Days",
      "additionalBenefits": "1GB free data"
    },
    {
      "id": "17",
      "category": "Data Plans",
      "price": "45",
      "validity": "1 Day",
      "benefits": "2.5GB Data for 1 Day",
      "additionalBenefits": "1GB free data"
    },
    {
      "id": "18",
      "category": "Data Plans",
      "price": "85",
      "validity": "2 Days",
      "benefits": "2.5GB/day Data for 2 Days",
      "additionalBenefits": "1GB free data"
    },
    {
      "id": "19",
      "category": "Unlimited Data Plans",
      "price": 11,
      "validity": "1 Hour",
      "benefits": "Unlimited Data for Only One Hour",
      "additionalBenefits": "Calls for 20 Minutes",
      "batch": "Hour hero"
    },
    {
      "id": "20",
      "category": "Unlimited Data Plans",
      "price": 49,
      "validity": "1 Day",
      "benefits": "Unlimited Data for Only One Day",
      "additionalBenefits": "Calls for 100 Minutes",
      "batch": "go unlimited"
    },
    {
      "id": "21",
      "category": "Unlimited Data Plans",
      "price": 98,
      "validity": "2 Days",
      "benefits": "Unlimited Data for Only Two Days",
      "additionalBenefits": "Calls for 200 Minutes",
      "batch": "big value-small cost"
    },
    {
      "id": "22",
      "category": "Unlimited Data Plans",
      "price": 121,
      "validity": "3 Days",
      "benefits": "Unlimited Data for Only Three Days",
      "additionalBenefits": "Calls for 300 Minutes",
      "batch": "Fun unlimited"
    },
    {
      "id": "23",
      "category": "Unlimited Data Plans",
      "price": 149,
      "validity": "4 Days",
      "benefits": "Unlimited Data for Four Days",
      "additionalBenefits": "Calls for 400 Minutes"
    },
    {
      "id": "24",
      "category": "Validity Plans",
      "price": "199",
      "validity": "28 Days",
      "benefits": "Unlimited Calls, 2GB Data, 900 SMS",
      "additionalBenefits": "Free Caller Tunes for 28 Days"
    },
    {
      "id": "25",
      "category": "Validity Plans",
      "price": "249",
      "validity": "30 Days",
      "benefits": "Unlimited Calls, 3GB Data, 900 SMS",
      "additionalBenefits": "Free Caller Tunes for 30 Days"
    },
    {
      "id": "26",
      "category": "Validity Plans",
      "price": "1999",
      "validity": "365 Days",
      "benefits": "Unlimited Calls, 50GB Data, 3500 SMS",
      "additionalBenefits": "Free JioHotstar and Netflix Subscription for 3 Months",
      "batch": "One Pay, Enjoy Year fully"
    }
  ],
  "users": [
    {
      "name": "Rajesh",
      "mobileNumber": "9876543210",
      "email": "rajesh@example.com",
      "id": "e4a3"
    },
    {
      "name": "Vikram",
      "mobileNumber": "9123456789",
      "email": "vikram@example.com",
      "id": "355f"
    },
    {
      "name": "Amit",
      "mobileNumber": "9876501234",
      "email": "amit@example.com",
      "id": "692f"
    },
    {
      "name": "Anjali",
      "mobileNumber": "9001234567",
      "email": "anjali@example.com",
      "id": "6c1f"
    },
    {
      "name": "Karthik",
      "mobileNumber": "9812345678",
      "email": "karthik@example.com",
      "id": "73d4"
    },
    {
      "name": "Priya",
      "mobileNumber": "9123456789",
      "email": "priya@example.com",
      "id": "6022"
    },
    {
      "name": "Vijay",
      "mobileNumber": "9887654321",
      "email": "vijay@example.com",
      "id": "49e2"
    },
    {
      "name": "Deepa",
      "mobileNumber": "9134567890",
      "email": "deepa@example.com",
      "id": "96ec"
    },
    {
      "name": "Rahul",
      "mobileNumber": "9256347890",
      "email": "rahul@example.com",
      "id": "dd0d"
    },
    {
      "name": "Neha",
      "mobileNumber": "9298765432",
      "email": "neha@example.com",
      "id": "a101"
    },
    {
      "name": "Pooja",
      "mobileNumber": "9265432109",
      "email": "pooja@example.com",
      "id": "5b36"
    },
    {
      "name": "Ravi",
      "mobileNumber": "9876543210",
      "email": "ravi@example.com",
      "id": "f060"
    },
    {
      "name": "Sneha",
      "mobileNumber": "9345678901",
      "email": "sneha@example.com",
      "id": "65ff"
    },
    {
      "name": "Arjun",
      "mobileNumber": "9367812345",
      "email": "arjun@example.com",
      "id": "e93d"
    },
    {
      "name": "Varun",
      "mobileNumber": "9487654321",
      "email": "varun@example.com",
      "id": "ee4f"
    }
  ],
  "usersHistory": [
    {
      "name": "Rajesh",
      "history": [
        {
          "category": "Unlimited Data Plans",
          "price": "₹11",
          "date": "2024-07-15",
          "paymentMethod": "Credit Card"
        },
        {
          "category": "Data Plans",
          "price": "₹65",
          "date": "2024-09-22",
          "paymentMethod": "UPI"
        },
        {
          "category": "Popular Plans",
          "price": "₹749",
          "date": "2024-10-05",
          "paymentMethod": "Debit Card"
        },
        {
          "category": "Validity Plans",
          "price": "₹399",
          "date": "2024-11-12",
          "paymentMethod": "UPI"
        },
        {
          "category": "Popular Plans",
          "price": "₹619",
          "date": "2024-12-28",
          "paymentMethod": "Credit Card"
        },
        {
          "category": "Popular Plans",
          "price": "₹838",
          "validity": "56 Days",
          "planDetails": "Unlimited calls, 3GB Data/Day, 100 SMS/Day",
          "additionalBenefits": "Free Amazon Prime OTT subscription for 2 Months",
          "paymentMethod": "UPI",
          "date": "2025-03-07",
          "paymentTime": "11:20:40 PM"
        },
        {
          "category": "Popular Plans",
          "price": "₹799",
          "validity": "60 Days",
          "planDetails": "Unlimited calls, 2.5GB Data/Day, 100 SMS/Day",
          "additionalBenefits": "Free Netflix OTT subscription for 1 Month",
          "paymentMethod": "UPI",
          "date": "2025-03-10",
          "paymentTime": "10:06:59 PM"
        },
        {
          "category": "Data Plans",
          "price": "₹26",
          "validity": "1 Day",
          "planDetails": "1.5GB Data for 1 Day",
          "additionalBenefits": "500 MB free data",
          "paymentMethod": "UPI",
          "date": "2025-03-11",
          "paymentTime": "8:32:26 PM"
        }
      ],
      "id": "48b0"
    },
    {
      "name": "Vikram",
      "history": [
        {
          "category": "Validity Plans",
          "price": "₹209",
          "date": "2024-08-19",
          "paymentMethod": "Debit Card"
        },
        {
          "category": "Data Plans",
          "price": "₹33",
          "date": "2024-09-30",
          "paymentMethod": "UPI"
        },
        {
          "category": "Unlimited Data Plans",
          "price": "₹98",
          "date": "2024-11-10",
          "paymentMethod": "Credit Card"
        },
        {
          "category": "Popular Plans",
          "price": "₹799",
          "date": "2024-12-15",
          "paymentMethod": "UPI"
        },
        {
          "category": "Validity Plans",
          "price": "₹349",
          "date": "2025-01-25",
          "paymentMethod": "Debit Card"
        },
        {
          "category": "Unlimited Data Plans",
          "price": "₹11",
          "validity": "Validity: 1 Hour",
          "planDetails": "Unlimited Data for Only One Hour",
          "additionalBenefits": "Additional Benefits: Calls for 20 Minutes",
          "paymentMethod": "UPI",
          "date": "2025-03-10",
          "paymentTime": "9:25:43 PM"
        },
        {
          "TransactionID": "TXN966290924",
          "category": "Unlimited Data Plans",
          "price": "₹11",
          "validity": "1 Hour",
          "planDetails": "Unlimited Data for Only One Hour",
          "additionalBenefits": "Calls for 20 Minutes",
          "paymentMethod": "UPI",
          "date": "2025-03-11",
          "paymentTime": "10:03:13 PM"
        }
      ],
      "id": "4719"
    },
    {
      "name": "Amit",
      "history": [
        {
          "category": "Data Plans",
          "price": "₹26",
          "date": "2024-08-22",
          "paymentMethod": "Credit Card"
        },
        {
          "category": "Unlimited Data Plans",
          "price": "₹49",
          "date": "2024-09-11",
          "paymentMethod": "UPI"
        },
        {
          "category": "Validity Plans",
          "price": "₹299",
          "date": "2024-10-05",
          "paymentMethod": "Debit Card"
        },
        {
          "category": "Popular Plans",
          "price": "₹689",
          "date": "2024-12-02",
          "paymentMethod": "Credit Card"
        },
        {
          "category": "Data Plans",
          "price": "₹85",
          "date": "2025-01-30",
          "paymentMethod": "UPI"
        }
      ],
      "id": "5858"
    },
    {
      "name": "Anjali",
      "history": [
        {
          "category": "Popular Plans",
          "price": "₹649",
          "date": "2024-06-28",
          "paymentMethod": "Debit Card"
        },
        {
          "category": "Validity Plans",
          "price": "₹399",
          "date": "2024-07-15",
          "paymentMethod": "Credit Card"
        },
        {
          "category": "Data Plans",
          "price": "₹45",
          "date": "2024-09-20",
          "paymentMethod": "UPI"
        },
        {
          "category": "Unlimited Data Plans",
          "price": "₹121",
          "date": "2024-11-25",
          "paymentMethod": "Debit Card"
        },
        {
          "category": "Popular Plans",
          "price": "₹749",
          "date": "2025-02-01",
          "paymentMethod": "Credit Card"
        }
      ],
      "id": "a1af"
    },
    {
      "name": "Karthik",
      "history": [
        {
          "category": "Data Plans",
          "price": "₹26",
          "date": "2024-04-01",
          "paymentMethod": "UPI"
        },
        {
          "category": "Unlimited Data Plans",
          "price": "₹149",
          "date": "2024-05-10",
          "paymentMethod": "Debit Card"
        },
        {
          "category": "Validity Plans",
          "price": "₹299",
          "date": "2024-07-12",
          "paymentMethod": "Credit Card"
        },
        {
          "category": "Popular Plans",
          "price": "₹579",
          "date": "2024-10-30",
          "paymentMethod": "UPI"
        },
        {
          "category": "Validity Plans",
          "price": "₹349",
          "date": "2025-01-15",
          "paymentMethod": "Credit Card"
        }
      ],
      "id": "1e6a"
    },
    {
      "name": "Priya",
      "history": [
        {
          "category": "Validity Plans",
          "price": "₹209",
          "date": "2024-03-15",
          "paymentMethod": "UPI"
        },
        {
          "category": "Data Plans",
          "price": "₹45",
          "date": "2024-05-20",
          "paymentMethod": "Credit Card"
        },
        {
          "category": "Unlimited Data Plans",
          "price": "₹98",
          "date": "2024-07-05",
          "paymentMethod": "Debit Card"
        },
        {
          "category": "Popular Plans",
          "price": "₹619",
          "date": "2024-09-15",
          "paymentMethod": "UPI"
        },
        {
          "category": "Data Plans",
          "price": "₹65",
          "date": "2025-01-01",
          "paymentMethod": "Credit Card"
        }
      ],
      "id": "7604"
    },
    {
      "name": "Vijay",
      "history": [
        {
          "category": "Data Plans",
          "price": "₹33",
          "date": "2024-04-25",
          "paymentMethod": "Debit Card"
        },
        {
          "category": "Unlimited Data Plans",
          "price": "₹149",
          "date": "2024-06-10",
          "paymentMethod": "UPI"
        },
        {
          "category": "Validity Plans",
          "price": "₹299",
          "date": "2024-08-01",
          "paymentMethod": "Credit Card"
        },
        {
          "category": "Popular Plans",
          "price": "₹689",
          "date": "2024-10-18",
          "paymentMethod": "Debit Card"
        },
        {
          "category": "Validity Plans",
          "price": "₹349",
          "date": "2025-01-10",
          "paymentMethod": "UPI"
        }
      ],
      "id": "af54"
    },
    {
      "name": "Deepa",
      "history": [
        {
          "category": "Validity Plans",
          "price": "₹209",
          "date": "2024-03-30",
          "paymentMethod": "Credit Card"
        },
        {
          "category": "Data Plans",
          "price": "₹85",
          "date": "2024-06-01",
          "paymentMethod": "Debit Card"
        },
        {
          "category": "Unlimited Data Plans",
          "price": "₹49",
          "date": "2024-08-05",
          "paymentMethod": "UPI"
        },
        {
          "category": "Popular Plans",
          "price": "₹749",
          "date": "2024-10-22",
          "paymentMethod": "Credit Card"
        },
        {
          "category": "Validity Plans",
          "price": "₹349",
          "date": "2025-01-05",
          "paymentMethod": "UPI"
        }
      ],
      "id": "929d"
    },
    {
      "name": "Rahul",
      "history": [
        {
          "category": "Data Plans",
          "price": "₹65",
          "date": "2024-03-20",
          "paymentMethod": "Debit Card"
        },
        {
          "category": "Unlimited Data Plans",
          "price": "₹121",
          "date": "2024-05-10",
          "paymentMethod": "UPI"
        },
        {
          "category": "Validity Plans",
          "price": "₹299",
          "date": "2024-07-25",
          "paymentMethod": "Credit Card"
        },
        {
          "category": "Popular Plans",
          "price": "₹799",
          "date": "2024-11-15",
          "paymentMethod": "Debit Card"
        },
        {
          "category": "Validity Plans",
          "price": "₹209",
          "date": "2025-01-20",
          "paymentMethod": "UPI"
        }
      ],
      "id": "e2ef"
    },
    {
      "name": "Neha",
      "history": [
        {
          "category": "Data Plans",
          "price": "₹26",
          "date": "2024-02-20",
          "paymentMethod": "Credit Card"
        },
        {
          "category": "Unlimited Data Plans",
          "price": "₹49",
          "date": "2024-04-05",
          "paymentMethod": "UPI"
        },
        {
          "category": "Validity Plans",
          "price": "₹349",
          "date": "2024-07-01",
          "paymentMethod": "Debit Card"
        },
        {
          "category": "Popular Plans",
          "price": "₹649",
          "date": "2024-09-10",
          "paymentMethod": "Credit Card"
        },
        {
          "category": "Validity Plans",
          "price": "₹399",
          "date": "2025-01-12",
          "paymentMethod": "UPI"
        }
      ],
      "id": "0066"
    },
    {
      "name": "Pooja",
      "history": [
        {
          "category": "Validity Plans",
          "price": "₹209",
          "date": "2024-03-12",
          "paymentMethod": "UPI"
        },
        {
          "category": "Data Plans",
          "price": "₹45",
          "date": "2024-05-18",
          "paymentMethod": "Credit Card"
        },
        {
          "category": "Unlimited Data Plans",
          "price": "₹98",
          "date": "2024-07-22",
          "paymentMethod": "Debit Card"
        },
        {
          "category": "Popular Plans",
          "price": "₹579",
          "date": "2024-10-08",
          "paymentMethod": "UPI"
        },
        {
          "category": "Validity Plans",
          "price": "₹399",
          "date": "2025-01-03",
          "paymentMethod": "Credit Card"
        }
      ],
      "id": "0c82"
    },
    {
      "name": "Ravi",
      "history": [
        {
          "category": "Data Plans",
          "price": "₹33",
          "date": "2024-02-15",
          "paymentMethod": "Debit Card"
        },
        {
          "category": "Unlimited Data Plans",
          "price": "₹121",
          "date": "2024-05-30",
          "paymentMethod": "UPI"
        },
        {
          "category": "Validity Plans",
          "price": "₹299",
          "date": "2024-08-12",
          "paymentMethod": "Credit Card"
        },
        {
          "category": "Popular Plans",
          "price": "₹749",
          "date": "2024-11-01",
          "paymentMethod": "Debit Card"
        },
        {
          "category": "Validity Plans",
          "price": "₹209",
          "date": "2025-01-15",
          "paymentMethod": "UPI"
        }
      ],
      "id": "cba7"
    },
    {
      "name": "Sneha",
      "history": [
        {
          "category": "Data Plans",
          "price": "₹26",
          "date": "2024-04-12",
          "paymentMethod": "Credit Card"
        },
        {
          "category": "Unlimited Data Plans",
          "price": "₹98",
          "date": "2024-06-18",
          "paymentMethod": "UPI"
        },
        {
          "category": "Validity Plans",
          "price": "₹349",
          "date": "2024-09-30",
          "paymentMethod": "Debit Card"
        },
        {
          "category": "Popular Plans",
          "price": "₹619",
          "date": "2024-11-20",
          "paymentMethod": "Credit Card"
        },
        {
          "category": "Validity Plans",
          "price": "₹399",
          "date": "2025-01-10",
          "paymentMethod": "UPI"
        }
      ],
      "id": "57b1"
    },
    {
      "name": "Arjun",
      "history": [
        {
          "category": "Data Plans",
          "price": "₹85",
          "date": "2024-02-05",
          "paymentMethod": "UPI"
        },
        {
          "category": "Unlimited Data Plans",
          "price": "₹49",
          "date": "2024-04-22",
          "paymentMethod": "Debit Card"
        },
        {
          "category": "Validity Plans",
          "price": "₹349",
          "date": "2024-07-05",
          "paymentMethod": "Credit Card"
        },
        {
          "category": "Popular Plans",
          "price": "₹689",
          "date": "2024-09-15",
          "paymentMethod": "UPI"
        },
        {
          "category": "Validity Plans",
          "price": "₹299",
          "date": "2025-01-12",
          "paymentMethod": "Debit Card"
        }
      ],
      "id": "0d9a"
    },
    {
      "name": "Varun",
      "history": [
        {
          "category": "Data Plans",
          "price": "₹26",
          "date": "2024-03-01",
          "paymentMethod": "Credit Card"
        },
        {
          "category": "Unlimited Data Plans",
          "price": "₹121",
          "date": "2024-05-05",
          "paymentMethod": "Debit Card"
        },
        {
          "category": "Validity Plans",
          "price": "₹399",
          "date": "2024-08-01",
          "paymentMethod": "UPI"
        },
        {
          "category": "Popular Plans",
          "price": "₹749",
          "date": "2024-10-25",
          "paymentMethod": "Debit Card"
        },
        {
          "category": "Validity Plans",
          "price": "₹209",
          "date": "2025-01-07",
          "paymentMethod": "Credit Card"
        }
      ],
      "id": "2ce5"
    }
  ]
}